{
	"credit": "chw",
	"gui_light": "front",
	"textures": {
		"0": "item/silverfish_spawn_egg",
		"particle": "item/silverfish_spawn_egg"
	},
	"elements": [
		{
			"name": "silverfish_spawn_egg_0",
			"from": [7, 2, 7.5],
			"to": [8, 14, 8.5],
			"faces": {
				"north": {"uv": [8, 2, 7, 14], "texture": "#0"},
				"east": {"uv": [7, 2, 8, 14], "texture": "#0"},
				"south": {"uv": [7, 2, 8, 14], "texture": "#0"},
				"west": {"uv": [7, 2, 8, 14], "texture": "#0"},
				"up": {"uv": [7, 2, 8, 3], "texture": "#0"},
				"down": {"uv": [7, 13, 8, 14], "texture": "#0"}
			}
		},
		{
			"name": "silverfish_spawn_egg_1",
			"from": [9, 2, 7.5],
			"to": [10, 14, 8.5],
			"faces": {
				"north": {"uv": [10, 2, 9, 14], "texture": "#0"},
				"east": {"uv": [9, 2, 10, 14], "texture": "#0"},
				"south": {"uv": [9, 2, 10, 14], "texture": "#0"},
				"west": {"uv": [9, 2, 10, 14], "texture": "#0"},
				"up": {"uv": [9, 2, 10, 3], "texture": "#0"},
				"down": {"uv": [9, 13, 10, 14], "texture": "#0"}
			}
		},
		{
			"name": "silverfish_spawn_egg_2",
			"from": [5, 2, 7.5],
			"to": [7, 13, 8.5],
			"faces": {
				"north": {"uv": [7, 3, 5, 14], "texture": "#0"},
				"east": {"uv": [6, 3, 7, 14], "texture": "#0"},
				"south": {"uv": [5, 3, 7, 14], "texture": "#0"},
				"west": {"uv": [5, 3, 6, 14], "texture": "#0"},
				"up": {"uv": [5, 3, 7, 4], "texture": "#0"},
				"down": {"uv": [5, 13, 7, 14], "texture": "#0"}
			}
		},
		{
			"name": "silverfish_spawn_egg_3",
			"from": [8, 2, 7.5],
			"to": [9, 13, 8.5],
			"faces": {
				"north": {"uv": [9, 3, 8, 14], "texture": "#0"},
				"east": {"uv": [8, 3, 9, 14], "texture": "#0"},
				"south": {"uv": [8, 3, 9, 14], "texture": "#0"},
				"west": {"uv": [8, 3, 9, 14], "texture": "#0"},
				"up": {"uv": [8, 3, 9, 4], "texture": "#0"},
				"down": {"uv": [8, 13, 9, 14], "texture": "#0"}
			}
		},
		{
			"name": "silverfish_spawn_egg_4",
			"from": [2, 11, 7.5],
			"to": [3, 12, 8.5],
			"faces": {
				"north": {"uv": [3, 4, 2, 5], "texture": "#0"},
				"east": {"uv": [2, 4, 3, 5], "texture": "#0"},
				"south": {"uv": [2, 4, 3, 5], "texture": "#0"},
				"west": {"uv": [2, 4, 3, 5], "texture": "#0"},
				"up": {"uv": [2, 4, 3, 5], "texture": "#0"},
				"down": {"uv": [2, 4, 3, 5], "texture": "#0"}
			}
		},
		{
			"name": "silverfish_spawn_egg_5",
			"from": [10, 3, 7.5],
			"to": [12, 12, 8.5],
			"faces": {
				"north": {"uv": [12, 4, 10, 13], "texture": "#0"},
				"east": {"uv": [11, 4, 12, 13], "texture": "#0"},
				"south": {"uv": [10, 4, 12, 13], "texture": "#0"},
				"west": {"uv": [10, 4, 11, 13], "texture": "#0"},
				"up": {"uv": [10, 4, 12, 5], "texture": "#0"},
				"down": {"uv": [10, 12, 12, 13], "texture": "#0"}
			}
		},
		{
			"name": "silverfish_spawn_egg_6",
			"from": [3, 10, 7.5],
			"to": [5, 11, 8.5],
			"faces": {
				"north": {"uv": [5, 5, 3, 6], "texture": "#0"},
				"east": {"uv": [4, 5, 5, 6], "texture": "#0"},
				"south": {"uv": [3, 5, 5, 6], "texture": "#0"},
				"west": {"uv": [3, 5, 4, 6], "texture": "#0"},
				"up": {"uv": [3, 5, 5, 6], "texture": "#0"},
				"down": {"uv": [3, 5, 5, 6], "texture": "#0"}
			}
		},
		{
			"name": "silverfish_spawn_egg_7",
			"from": [13, 10, 7.5],
			"to": [14, 11, 8.5],
			"faces": {
				"north": {"uv": [14, 5, 13, 6], "texture": "#0"},
				"east": {"uv": [13, 5, 14, 6], "texture": "#0"},
				"south": {"uv": [13, 5, 14, 6], "texture": "#0"},
				"west": {"uv": [13, 5, 14, 6], "texture": "#0"},
				"up": {"uv": [13, 5, 14, 6], "texture": "#0"},
				"down": {"uv": [13, 5, 14, 6], "texture": "#0"}
			}
		},
		{
			"name": "silverfish_spawn_egg_8",
			"from": [4, 3, 7.5],
			"to": [5, 10, 8.5],
			"faces": {
				"north": {"uv": [5, 6, 4, 13], "texture": "#0"},
				"east": {"uv": [4, 6, 5, 13], "texture": "#0"},
				"south": {"uv": [4, 6, 5, 13], "texture": "#0"},
				"west": {"uv": [4, 6, 5, 13], "texture": "#0"},
				"up": {"uv": [4, 6, 5, 7], "texture": "#0"},
				"down": {"uv": [4, 12, 5, 13], "texture": "#0"}
			}
		},
		{
			"name": "silverfish_spawn_egg_9",
			"from": [12, 4, 7.5],
			"to": [13, 10, 8.5],
			"faces": {
				"north": {"uv": [13, 6, 12, 12], "texture": "#0"},
				"east": {"uv": [12, 6, 13, 12], "texture": "#0"},
				"south": {"uv": [12, 6, 13, 12], "texture": "#0"},
				"west": {"uv": [12, 6, 13, 12], "texture": "#0"},
				"up": {"uv": [12, 6, 13, 7], "texture": "#0"},
				"down": {"uv": [12, 11, 13, 12], "texture": "#0"}
			}
		},
		{
			"name": "silverfish_spawn_egg_10",
			"from": [1, 8, 7.5],
			"to": [2, 9, 8.5],
			"faces": {
				"north": {"uv": [2, 7, 1, 8], "texture": "#0"},
				"east": {"uv": [1, 7, 2, 8], "texture": "#0"},
				"south": {"uv": [1, 7, 2, 8], "texture": "#0"},
				"west": {"uv": [1, 7, 2, 8], "texture": "#0"},
				"up": {"uv": [1, 7, 2, 8], "texture": "#0"},
				"down": {"uv": [1, 7, 2, 8], "texture": "#0"}
			}
		},
		{
			"name": "silverfish_spawn_egg_11",
			"from": [3, 4, 7.5],
			"to": [4, 9, 8.5],
			"faces": {
				"north": {"uv": [4, 7, 3, 12], "texture": "#0"},
				"east": {"uv": [3, 7, 4, 12], "texture": "#0"},
				"south": {"uv": [3, 7, 4, 12], "texture": "#0"},
				"west": {"uv": [3, 7, 4, 12], "texture": "#0"},
				"up": {"uv": [3, 7, 4, 8], "texture": "#0"},
				"down": {"uv": [3, 11, 4, 12], "texture": "#0"}
			}
		},
		{
			"name": "silverfish_spawn_egg_12",
			"from": [2, 7, 7.5],
			"to": [3, 8, 8.5],
			"faces": {
				"north": {"uv": [3, 8, 2, 9], "texture": "#0"},
				"east": {"uv": [2, 8, 3, 9], "texture": "#0"},
				"south": {"uv": [2, 8, 3, 9], "texture": "#0"},
				"west": {"uv": [2, 8, 3, 9], "texture": "#0"},
				"up": {"uv": [2, 8, 3, 9], "texture": "#0"},
				"down": {"uv": [2, 8, 3, 9], "texture": "#0"}
			}
		},
		{
			"name": "silverfish_spawn_egg_13",
			"from": [13, 7, 7.5],
			"to": [15, 8, 8.5],
			"faces": {
				"north": {"uv": [15, 8, 13, 9], "texture": "#0"},
				"east": {"uv": [14, 8, 15, 9], "texture": "#0"},
				"south": {"uv": [13, 8, 15, 9], "texture": "#0"},
				"west": {"uv": [13, 8, 14, 9], "texture": "#0"},
				"up": {"uv": [13, 8, 15, 9], "texture": "#0"},
				"down": {"uv": [13, 8, 15, 9], "texture": "#0"}
			}
		},
		{
			"name": "silverfish_spawn_egg_14",
			"from": [1, 5, 7.5],
			"to": [3, 6, 8.5],
			"faces": {
				"north": {"uv": [3, 10, 1, 11], "texture": "#0"},
				"east": {"uv": [2, 10, 3, 11], "texture": "#0"},
				"south": {"uv": [1, 10, 3, 11], "texture": "#0"},
				"west": {"uv": [1, 10, 2, 11], "texture": "#0"},
				"up": {"uv": [1, 10, 3, 11], "texture": "#0"},
				"down": {"uv": [1, 10, 3, 11], "texture": "#0"}
			}
		},
		{
			"name": "silverfish_spawn_egg_15",
			"from": [13, 5, 7.5],
			"to": [15, 6, 8.5],
			"faces": {
				"north": {"uv": [15, 10, 13, 11], "texture": "#0"},
				"east": {"uv": [14, 10, 15, 11], "texture": "#0"},
				"south": {"uv": [13, 10, 15, 11], "texture": "#0"},
				"west": {"uv": [13, 10, 14, 11], "texture": "#0"},
				"up": {"uv": [13, 10, 15, 11], "texture": "#0"},
				"down": {"uv": [13, 10, 15, 11], "texture": "#0"}
			}
		},
		{
			"name": "silverfish_spawn_egg_16",
			"from": [10, 2, 7.5],
			"to": [11, 3, 8.5],
			"faces": {
				"north": {"uv": [11, 13, 10, 14], "texture": "#0"},
				"east": {"uv": [10, 13, 11, 14], "texture": "#0"},
				"south": {"uv": [10, 13, 11, 14], "texture": "#0"},
				"west": {"uv": [10, 13, 11, 14], "texture": "#0"},
				"up": {"uv": [10, 13, 11, 14], "texture": "#0"},
				"down": {"uv": [10, 13, 11, 14], "texture": "#0"}
			}
		}
	],
	"display": {
		"thirdperson_righthand": {
			"translation": [0, 3, 1],
			"scale": [0.55, 0.55, 0.55]
		},
		"thirdperson_lefthand": {
			"translation": [0, 3, 1],
			"scale": [0.55, 0.55, 0.55]
		},
		"firstperson_righthand": {
			"rotation": [0, -90, 25],
			"translation": [1.13, 3.2, 1.13],
			"scale": [0.68, 0.68, 0.68]
		},
		"firstperson_lefthand": {
			"rotation": [0, -90, 25],
			"translation": [1.13, 3.2, 1.13],
			"scale": [0.68, 0.68, 0.68]
		},
		"ground": {
			"translation": [0, 2, 0],
			"scale": [0.5, 0.5, 0.5]
		},
		"head": {
			"rotation": [0, 180, 0],
			"translation": [0, 13, 7]
		},
		"fixed": {
			"rotation": [0, 180, 0]
		}
	},
	"groups": [
		{
			"name": "silverfish_spawn_egg",
			"origin": [8, 8, 8],
			"color": 0,
			"children": [0, 1, 2, 3, 4, 5, 6, 7, 8, 9, 10, 11, 12, 13, 14, 15, 16]
		}
	]
}