{
	"providers": [
		{
			"type": "bitmap",
			"file": "ranged_weapon:damage.png",
			"ascent": 9,
			"height": 9,
			"chars": ["\uF933"]
		},
		{
			"type": "bitmap",
			"file": "ranged_weapon:haste.png",
			"ascent": 9,
			"height": 9,
			"chars": ["\uF934"]
		},
		{
			"type": "bitmap",
			"file": "ranged_weapon:velocity.png",
			"ascent": 9,
			"height": 9,
			"chars": ["\uF935"]
		},
		{
			"type": "bitmap",
			"file": "spell_power:critical_chance.png",
			"ascent": 9,
			"height": 9,
			"chars": ["\uF936"]
		},
		{
			"type": "bitmap",
			"file": "spell_power:haste.png",
			"ascent": 9,
			"height": 9,
			"chars": ["\uF937"]
		},
		{
			"type": "bitmap",
			"file": "spell_power:critical_damage.png",
			"ascent": 9,
			"height": 9,
			"chars": ["\uF938"]
		},
		{
			"type": "bitmap",
			"file": "spell_power:healing.png",
			"ascent": 9,
			"height": 9,
			"chars": ["\uF939"]
		},
		{
			"type": "bitmap",
			"file": "spell_power:arcane.png",
			"ascent": 9,
			"height": 9,
			"chars": ["\uF940"]
		},
		{
			"type": "bitmap",
			"file": "spell_power:fire.png",
			"ascent": 9,
			"height": 9,
			"chars": ["\uF941"]
		},
		{
			"type": "bitmap",
			"file": "spell_power:frost.png",
			"ascent": 9,
			"height": 9,
			"chars": ["\uF942"]
		},
		{
			"type": "bitmap",
			"file": "spell_power:soul.png",
			"ascent": 9,
			"height": 9,
			"chars": ["\uF943"]
		},
		{
			"type": "bitmap",
			"file": "spell_power:lightning.png",
			"ascent": 9,
			"height": 9,
			"chars": ["\uF944"]
		},
		{
			"type": "bitmap",
			"file": "minecraft:armor.png",
			"ascent": 9,
			"height": 9,
			"chars": ["\uF945"]
		},
		{
			"type": "bitmap",
			"file": "minecraft:attack_damage.png",
			"ascent": 9,
			"height": 9,
			"chars": ["\uF946"]
		},
		{
			"type": "bitmap",
			"file": "minecraft:attack_speed.png",
			"ascent": 9,
			"height": 9,
			"chars": ["\uF947"]
		},
		{
			"type": "bitmap",
			"file": "minecraft:speed.png",
			"ascent": 9,
			"height": 9,
			"chars": ["\uF948"]
		},
		{
			"type": "bitmap",
			"file": "minecraft:knockback_resistance.png",
			"ascent": 9,
			"height": 9,
			"chars": ["\uF949"]
		},
		{
			"type": "bitmap",
			"file": "minecraft:toughness.png",
			"ascent": 9,
			"height": 9,
			"chars": ["\uF950"]
		},
		{
			"type": "bitmap",
			"file": "minecraft:health.png",
			"ascent": 9,
			"height": 9,
			"chars": ["\uF951"]
		},
		{
			"type": "bitmap",
			"file": "minecraft:luck.png",
			"ascent": 9,
			"height": 9,
			"chars": ["\uF952"]
		},
		{
			"type": "bitmap",
			"file": "eternal_attributes:blood.png",
			"ascent": 9,
			"height": 9,
			"chars": ["\uF953"]
		},
		{
			"type": "bitmap",
			"file": "eternal_attributes:unholy.png",
			"ascent": 9,
			"height": 9,
			"chars": ["\uF954"]
		}
	]
}